"ID"	"Gene A"	"Allele 1 Gene A cDNA change"	"Allele 1 Gene A protein change"	"Allele 2 Gene A cDNA change"	"Allele 2 Gene A protein change"	"Gene B"	"Allele 1 Gene B cDNA change"	"Allele 1 Gene B protein change"	"Allele 2 Gene B cDNA change"	"Allele 2 Gene B protein change"	"Disease name (ORPHANET)"	"Oligogenic effect"	"Gene relationship"	
"dd071"	"BBS2"	"c.209A>G"	"p.(N70S)"	"wild type"	"wild type"	"MKKS"	"c.110A>G"	"p.(Y37C)"	"c.110A>G"	"p.(Y37C)"	"Bardet-Biedl syndrome"	"N/A"	"directly interacting, indirectly interacting, pathway membership, co-expression"	
"dd072"	"BBS2"	"c.503dup"	"p.(L168Ffs*3 )"	"c.646C>T"	"p.(R216*)"	"MKKS"	"c.1495T>G"	"p.(C499S)"	"wild type"	"wild type"	"Bardet-Biedl syndrome"	"N/A"	"directly interacting, indirectly interacting, pathway membership, co-expression"	
"dd073"	"BBS2"	"c.72C>G"	"p.(Y24*)"	"c.72C>G"	"p.(Y24*)"	"MKKS"	"c.724G>T"	"p.(A242S)"	"wild type"	"wild type"	"Bardet-Biedl syndrome"	"N/A"	"directly interacting, indirectly interacting, pathway membership, co-expression"	
"dd074"	"BBS2"	"c.72C>G"	"p.(Y24*)"	"c.175C>T"	"p.(Q59*)"	"MKKS"	"c.442C>T"	"p.(Q148*)"	"wild type"	"wild type"	"Bardet-Biedl syndrome"	"TD"	"directly interacting, indirectly interacting, pathway membership, co-expression"	
"dd075"	"BBS2"	"c.1673C>T"	"p.(T558I)"	"c.1673C>T"	"p.(T558I)"	"BBS4"	"c.1091C>A"	"p.(A364E)"	"c.1091C>A"	"p.(A364E)"	"Bardet-Biedl syndrome"	"TD"	"directly interacting, indirectly interacting, pathway membership"	
"dd076"	"BBS1"	"c.700G>A"	"p.(E234K)"	"wild type"	"wild type"	"BBS7"	"c.632C>T"	"p.(T211I)"	"c.632C>T"	"p.(T211I)"	"Bardet-Biedl syndrome"	"N/A"	"directly interacting, indirectly interacting, pathway membership, similar function"	
"dd077"	"BBS1"	"c.1169T>G"	"p.(M390R)"	"wild type"	"wild type"	"BBS2"	"c.944G>A"	"p.(R315Q)"	"c.117+1G>C"	"N/A"	"Bardet-Biedl syndrome"	"N/A"	"directly interacting, indirectly interacting, pathway membership, similar function, co-expression"	
"dd078"	"BBS1"	"c.871C>T"	"p.(Q291*)"	"c.1169T>G"	"p.(M390R)"	"MKKS"	"c.706T>C"	"p.(S236P)"	"wild type"	"wild type"	"Bardet-Biedl syndrome"	"N/A"	"directly interacting, indirectly interacting, pathway membership, co-expression"	
"dd079"	"BBS1"	"c.1169T>G"	"p.(M390R)"	"c.1642delC"	"p.(L548Wfs*31)"	"MKKS"	"c.973A>C"	"p.(T325P)"	"wild type"	"wild type"	"Bardet-Biedl syndrome"	"N/A"	"directly interacting, indirectly interacting, pathway membership, co-expression"	
"dd080"	"BBS1"	"c.1169T>G"	"p.(M390R)"	"c.1169T>G"	"p.(M390R)"	"BBS2"	"c.1046T>G"	"p.(L349W)"	"wild type"	"wild type"	"Bardet-Biedl syndrome"	"N/A"	"directly interacting, indirectly interacting, pathway membership, similar function, co-expression"	
"dd081"	"BBS1"	"c.1169T>G"	"p.(M390R)"	"c.1169T>G"	"p.(M390R)"	"BBS4"	"c.1414A>G"	"p.(M472V)"	"wild type"	"wild type"	"Bardet-Biedl syndrome"	"N/A"	"directly interacting, indirectly interacting, pathway membership"	
"dd082"	"BBS2"	"c.1237C>T"	"p.(R413*)"	"wild type"	"wild type"	"BBS4"	"c.1508C>T"	"p.(P503L)"	"wild type"	"wild type"	"Bardet-Biedl syndrome"	"TD"	"directly interacting, indirectly interacting, pathway membership"	
"dd083"	"BBS2"	"c.1928G>A"	"p.(R643H)"	"wild type"	"wild type"	"BBS4"	"c.137A>G"	"p.(K46R)"	"wild type"	"wild type"	"Bardet-Biedl syndrome"	"TD"	"directly interacting, indirectly interacting, pathway membership"	
"dd084"	"BBS1"	"c.339T>G"	"p.(Y113*)"	"c.1169T>G"	"p.(M390R)"	"CCDC28B"	"c.330C>T"	"p.(F110F)"	"wild type"	"wild type"	"Bardet-Biedl syndrome"	"CO"	"directly interacting, indirectly interacting"	
"dd085"	"BBS1"	"c.1169T>G"	"p.(M390R)"	"c.1645G>T"	"p.(E549*)"	"CCDC28B"	"c.330C>T"	"p.(F110F)"	"wild type"	"wild type"	"Bardet-Biedl syndrome"	"CO"	"directly interacting, indirectly interacting"	
"dd086"	"BBS7"	"c.187G>A"	"p.(G63R)"	"c.601+2T>C"	"N/A"	"BBS4"	"c.341delT"	"p.(L114Wfs*28)"	"wild type"	"wild type"	"Bardet-Biedl syndrome"	"CO"	"directly interacting, indirectly interacting, pathway membership"	
"dd087"	"BBS7"	"c.171G>A"	"p.(V57V)"	"wild type"	"wild type"	"BBS2"	"c.311A>C"	"p.(D104A)"	"c.1895G>C"	"p.(R632P)"	"Bardet-Biedl syndrome"	"N/A"	"directly interacting, indirectly interacting, pathway membership, similar function"	
"dd089"	"BBS5"	"c.551A>G"	"p.(N184S)"	"wild type"	"wild type"	"BBS10"	"c.273C>G"	"p.(C91W)"	"c.2119_2120delGT"	"p.(V707*fs1)"	"Bardet-Biedl syndrome"	"N/A"	"directly interacting, indirectly interacting, pathway membership"	
"dd090"	"BBS10"	"c.271dupT"	"p.(C91Lfs*5)"	"c.1677C>A"	"p.(Y559*)"	"MKKS"	"c.724G>T"	"p.(A242S)"	"wild type"	"wild type"	"Bardet-Biedl syndrome"	"N/A"	"directly interacting, indirectly interacting, pathway membership, similar function"	
"dd091"	"BBS10"	"c.164T>C"	"p.(L55P)"	"c.821_822delAG"	"p.(E274Vfs*29)"	"BBS12"	"c.355G>A"	"p.(G119S)"	"wild type"	"wild type"	"Bardet-Biedl syndrome"	"N/A"	"directly interacting, indirectly interacting, pathway membership, similar function"	
"dd092"	"BBS10"	"c.164T>C"	"p.(L55P)"	"c.821_822delAG"	"p.(E274Vfs*29)"	"BBS12"	"c.787T>C"	"p.(Y263H)"	"wild type"	"wild type"	"Bardet-Biedl syndrome"	"N/A"	"directly interacting, indirectly interacting, pathway membership, similar function"	
"dd093"	"BBS10"	"c.271dupT"	"p.(C91Lfs*5)"	"c.1230T>G"	"p.(H410Q)"	"MKKS"	"c.724G>T"	"p.(A242S)"	"wild type"	"wild type"	"Bardet-Biedl syndrome"	"N/A"	"directly interacting, indirectly interacting, pathway membership, similar function"	
"dd094"	"BBS12"	"c.1438delG"	"p.(D480Mfs*3)"	"c.1438delG"	"p.(D480Mfs*3)"	"BBS4"	"c.1463C>A"	"p.(T488K)"	"wild type"	"wild type"	"Bardet-Biedl syndrome"	"N/A"	"directly interacting, indirectly interacting, pathway membership, co-expression"	
"dd095"	"BBS1"	"c.724-8_726delGTTTGCAGATG"	"p.(M242Rfs*83)"	"c.1169T>G"	"p.(M390R)"	"BBS10"	"c.886G>A"	"p.(A296T)"	"wild type"	"wild type"	"Bardet-Biedl syndrome"	"N/A"	"directly interacting, indirectly interacting, pathway membership"	
"dd096"	"BBS1"	"c.887delT"	"p.(I296Tfs*7)"	"c.887delT"	"p.(I296Tfs*7)"	"BBS10"	"c.2144A>G"	"p.(H715R)"	"wild type"	"wild type"	"Bardet-Biedl syndrome"	"N/A"	"directly interacting, indirectly interacting, pathway membership"	
"dd097"	"BBS2"	"c.646C>T"	"p.(R216*)"	"c.72G>C"	"p.(Y24*)"	"MKKS"	"c.724G>T"	"p.(A242S)"	"wild type"	"wild type"	"Bardet-Biedl syndrome"	"N/A"	"directly interacting, indirectly interacting, pathway membership, co-expression"	
"dd098"	"BBS2"	"c.646C>T"	"p.(R216*)"	"c.661delC"	"p.(L221Ffs*25)"	"MKKS"	"c.724G>T"	"p.(A242S)"	"wild type"	"wild type"	"Bardet-Biedl syndrome"	"N/A"	"directly interacting, indirectly interacting, pathway membership, co-expression"	
"dd099"	"BBS10"	"c.765G>A"	"p.(M255I)"	"wild type"	"wild type"	"BBS2"	"c.661delC"	"p.(L221Ffs*25)"	"c.661delC"	"p.(L221Ffs*25)"	"Bardet-Biedl syndrome"	"N/A"	"directly interacting, indirectly interacting, pathway membership"	
"dd100"	"BBS2"	"c.661delC"	"p.(L221Ffs*25)"	"c.1705C>T"	"p.(Q569*)"	"BBS12"	"c.1223A>G"	"p.(K408R)"	"wild type"	"wild type"	"Bardet-Biedl syndrome"	"N/A"	"directly interacting, indirectly interacting, pathway membership, co-expression"	
"dd101"	"BBS2"	"c.256_278dup"	"p.(V94Sfs*8)"	"c.256_278dup"	"p.(V94Sfs*8)"	"BBS12"	"c.1571A>G"	"p.(Y524C)"	"wild type"	"wild type"	"Bardet-Biedl syndrome"	"N/A"	"directly interacting, indirectly interacting, pathway membership, co-expression"	
"dd102"	"BBS10"	"c.271dupT"	"p.(C91Lfs*5)"	"c.271dupT"	"p.(C91Lfs*5)"	"MKKS"	"c.1015A>G"	"p.(I339V)"	"wild type"	"wild type"	"Bardet-Biedl syndrome"	"N/A"	"directly interacting, indirectly interacting, pathway membership, similar function"	
"dd103"	"BBS10"	"c.271dupT"	"p.(C91Lfs*5)"	"c.1867C>T"	"p.(Q623*)"	"BBS2"	"c.1885G>A"	"p.(E629K)"	"wild type"	"wild type"	"Bardet-Biedl syndrome"	"N/A"	"directly interacting, indirectly interacting, pathway membership"	
"dd104"	"BBS10"	"c.145C>T"	"p.(R49W)"	"c.145C>T"	"p.(R49W)"	"MKKS"	"c.724G>T"	"p.(A242S)"	"wild type"	"wild type"	"Bardet-Biedl syndrome"	"N/A"	"directly interacting, indirectly interacting, pathway membership, similar function"	
"dd105"	"BBS1"	"c.1645G>T"	"p.(E549*)"	"c.1645G>T"	"p.(E549*)"	"BBS2"	"c.1659+3A>G"	"N/A"	"wild type"	"wild type"	"Bardet-Biedl syndrome"	"N/A"	"directly interacting, indirectly interacting, pathway membership, similar function, co-expression"	
"dd106"	"BBS1"	"c.1473+4A>G"	"N/A"	"c.1473+4A>G"	"N/A"	"TTC8"	"c.1011C>G"	"p.(F337L)"	"wild type"	"wild type"	"Bardet-Biedl syndrome"	"N/A"	"directly interacting, indirectly interacting, pathway membership, co-expression"	
"dd107"	"BBS1"	"c.1169T>G"	"p.(M390R)"	"c.1645G>T"	"p.(E549*)"	"BBS9"	"c.396G>C"	"p.(Q132H)"	"wild type"	"wild type"	"Bardet-Biedl syndrome"	"N/A"	"directly interacting, indirectly interacting, pathway membership, co-expression"	
"dd108"	"BBS10"	"c.1598_1601delTAAC"	"p.(T534Ifs*21)"	"c.1598_1601delTAAC"	"p.(T534Ifs*21)"	"BBS12"	"c.355G>A"	"p.(G119S)"	"wild type"	"wild type"	"Bardet-Biedl syndrome"	"N/A"	"directly interacting, indirectly interacting, pathway membership, similar function"	
"dd109"	"BBS10"	"c.1090delA"	"p.(N364Tfs*5)"	"c.1090delA"	"p.(N364Tfs*5)"	"MKKS"	"c.926G>A"	"p.(R309H)"	"wild type"	"wild type"	"Bardet-Biedl syndrome"	"N/A"	"directly interacting, indirectly interacting, pathway membership, similar function"	
"dd110"	"BBS10"	"c.1333C>A"	"p.(L445I)"	"wild type"	"wild type"	"BBS2"	"c.311A>C"	"p.(D104A)"	"c.1895G>C"	"p.(R632P)"	"Bardet-Biedl syndrome"	"N/A"	"directly interacting, indirectly interacting, pathway membership"	
"dd111"	"ARL6"	"c.92C>T"	"p.(T31M)"	"c.92C>T"	"p.(T31M)"	"TTC8"	"c.405G>A"	"p.(M135I)"	"wild type"	"wild type"	"Bardet-Biedl syndrome"	"N/A"	"directly interacting, indirectly interacting, pathway membership, co-expression"	
"dd112"	"BBS7"	"c.632C>T"	"p.(T211I)"	"c.632C>T"	"p.(T211I)"	"TTC8"	"c.284A>G"	"p.(K95R)"	"wild type"	"wild type"	"Bardet-Biedl syndrome"	"N/A"	"directly interacting, indirectly interacting, pathway membership"	
"dd113"	"BBS1"	"c.1535G>A"	"p.(R512H)"	"wild type"	"wild type"	"BBS12"	"c.2023C>T"	"p.(R675*)"	"c.476C>T"	"p.(P159L)"	"Bardet-Biedl syndrome"	"N/A"	"directly interacting, indirectly interacting, pathway membership, co-expression"	
"dd204"	"BBS1"	"c.1169T>G"	"p.(M390R)"	"c.1169T>G"	"p.(M390R)"	"CCDC28B"	"c.330C>T"	"p.(F110F)"	"wild type"	"wild type"	"Bardet-Biedl syndrome"	"TD"	"directly interacting, indirectly interacting"	
"dd010"	"NEK1"	"c.1640insA"	"p.(N547Kfs*2)"	"wild type"	"wild type"	"DYNC2H1"	"c.11747G>A"	"p.(G3916D)"	"wild type"	"wild type"	"Short rib-polydactyly syndrome"	"TD"	"none"	
"dd211"	"MYH7"	"c.2645A>G"	"p.(Q882R)"	"wild type"	"wild type"	"RBM20"	"c.2062C>T"	"p.(R688*)"	"wild type"	"wild type"	"Familial isolated dilated cardiomyopathy"	"N/A"	"none"	
"dd216"	"DSP"	"c.740C>T"	"p.(A247V)"	"wild type"	"wild type"	"TTN"	"c.9359G>A"	"p.(R3120Q)"	"c.93319C>T"	"p.(R31107C)"	"Familial isolated dilated cardiomyopathy"	"N/A"	"directly interacting, indirectly interacting"	
"dd209"	"DSP"	"c.1941A>C"	"p.(Q647H)"	"wild type"	"wild type"	"TTN"	"c.28269C>G"	"p.(N9423K)"	"wild type"	"wild type"	"Familial isolated hypertrophic cardiomyopathy"	"N/A"	"directly interacting, indirectly interacting"	
"dd210"	"MYH7"	"c.4343A>T"	"p.(N1448I)"	"wild type"	"wild type"	"NEXN"	"c.620A>G"	"p.(D207G)"	"wild type"	"wild type"	"Familial isolated hypertrophic cardiomyopathy"	"N/A"	"indirectly interacting"	
"dd217"	"NEXN"	"c.995A>C"	"p.(E332A)"	"wild type"	"wild type"	"TTN"	"c.6910G>A"	"p.(V2304M)"	"c.40485G>T"	"p.(K13495N)"	"Familial isolated hypertrophic cardiomyopathy"	"N/A"	"indirectly interacting, similar function"	
"dd040"	"GDAP1"	"c.358C>T"	"p.(R120W)"	"wild type"	"wild type"	"MFN2"	"c.479_480delTG"	"p.(V160Efs*27)"	"wild type"	"wild type"	"Charcot-Marie-Tooth disease"	"CO"	"indirectly interacting, co-expression"	
"dd152"	"GDAP1"	"c.487C>T"	"p.(Q163*)"	"c.487C>T"	"p.(Q163*)"	"MFN2"	"c.1403G>A"	"p.(R468H)"	"wild type"	"wild type"	"Charcot-Marie-Tooth disease"	"CO"	"indirectly interacting, co-expression"	
"dd160"	"EMD"	"c.110_112delAGA"	"p.(K37del)"	"wild type"	"wild type"	"LMNA"	"c.892C>T"	"p.(R298C)"	"c.892C>T"	"p.(R298C)"	"Charcot-Marie-Tooth disease"	"CO"	"directly interacting, indirectly interacting, pathway membership"	
"dd224"	"TRIM54"	"c.[316G>A]"	"p.D106N"	"wild type"	"wild type"	"TRIM63"	"c.[739C>T]"	"p.Q247*"	"c.[739C>T]"	"p.Q247*"	"Congenital myopathy with protein accumulation"	"TD"	"directly interacting, indirectly interacting, similar function"	
"dd014"	"GNRHR"	"c.317A>G"	"p.(Q106R)"	"c.785G>A"	"p.(R262Q)"	"FGFR1"	"c.1409G>T"	"p.(R470L)"	"wild type"	"wild type"	"Congenital hypogonadotropic hypogonadism"	"N/A"	"co-expression"	
"dd021"	"OTUD4"	"c.998G>T"	"p.(G333V)"	"c.998G>T"	"p.(G333V)"	"RNF216"	"c.2251C>T"	"p.(R751C)"	"c.2251C>T"	"p.(R751C)"	"Congenital hypogonadotropic hypogonadism"	"TD"	"indirectly interacting"	
"dd137"	"KAL1"	"c.1759G>T"	"p.(V587L)"	"wild type"	"wild type"	"FGFR1"	"c.1553-2A>G"	"N/A"	"wild type"	"wild type"	"Congenital hypogonadotropic hypogonadism"	"N/A"	"directly interacting, indirectly interacting, pathway membership, similar function"	
"dd139"	"KAL1"	"c.1414A>G"	"p.(T472A)"	"wild type"	"wild type"	"PROKR2"	"c.151G>A"	"p.(A51T)"	"wild type"	"wild type"	"Congenital hypogonadotropic hypogonadism"	"N/A"	"none"	
"dd208"	"GNRHR"	"c.268G>A"	"p.(E90K)"	"c.268G>A"	"p.(E90K)"	"PROK2"	"c.349C>T"	"p.(R117W)"	"wild type"	"wild type"	"Congenital hypogonadotropic hypogonadism"	"N/A"	"pathway membership, co-expression"	
"dd033"	"SLC3A1"	"c.1400T>C"	"p.(M467T)"	"wild type"	"wild type"	"SLC7A9"	"c.695A>G"	"p.(Y232C)"	"c.313G>A"	"p.(G105R)"	"Cystinuria"	"CO"	"pathway membership, co-expression"	
"dd034"	"SLC3A1"	"c.1400T>C"	"p.(M467T)"	"wild type"	"wild type"	"SLC7A9"	"c.313G>A"	"p.(G105R)"	"c.313G>A"	"p.(G105R)"	"Cystinuria"	"CO"	"pathway membership, co-expression"	
"dd035"	"SLC3A1"	"c.1400T>C"	"p.(M467T)"	"wild type"	"wild type"	"SLC7A9"	"c.313G>A"	"p.(G105R)"	"wild type"	"wild type"	"Cystinuria"	"CO"	"pathway membership, co-expression"	
"dd036"	"SLC3A1"	"c.647C>T"	"p.(T216M)"	"c.1400T>C"	"p.(M467T)"	"SLC7A9"	"c.313G>A"	"p.(G105R)"	"wild type"	"wild type"	"Cystinuria"	"CO"	"pathway membership, co-expression"	
"dd241"	"SHH"	"c.[1040C>A]"	"p.P347Q"	"wild type"	"wild type"	"DISP1"	"c.[3287T>C]"	"p.M1096T"	"wild type"	"wild type"	"Holoprosencephaly"	"TD"	"co-expression"	
"dd051"	"HAMP"	"c.148_150+2delATGGT"	"p.(M50del)"	"wild type"	"wild type"	"HFE"	"c.845G>A"	"p.(C282Y)"	"wild type"	"wild type"	"Rare hereditary hemochromatosis"	"TD"	"co-expression"	
"dd052"	"HAMP"	"c.212G>A"	"p.(G71D)"	"wild type"	"wild type"	"HFE"	"c.845G>A"	"p.(C282Y)"	"c.845G>A"	"p.(C282Y)"	"Rare hereditary hemochromatosis"	"CO"	"co-expression"	
"dd125"	"EDA"	"c.769G>C"	"p.(G257R)"	"wild type"	"wild type"	"WNT10A"	"c.511C>T"	"p.(R171C)"	"wild type"	"wild type"	"Hypodontia"	"CO"	"none"	
"dd126"	"EDA"	"c.936C>G"	"p.(I312M)"	"wild type"	"wild type"	"WNT10A"	"c.511C>T"	"p.(R171C)"	"wild type"	"wild type"	"Hypodontia"	"CO"	"none"	
"dd127"	"EDA"	"c.252delT"	"p.(G85Afs*6)"	"wild type"	"wild type"	"WNT10A"	"c.511C>T"	"p.(R171C)"	"wild type"	"wild type"	"Hypodontia"	"N/A"	"none"	
"dd128"	"EDA"	"c.457C>T"	"p.(R153C)"	"wild type"	"wild type"	"WNT10A"	"c.637G>A"	"p.(G213S)"	"wild type"	"wild type"	"Hypodontia"	"CO"	"none"	
"dd129"	"EDA"	"c.466C>T"	"p.(R156C)"	"wild type"	"wild type"	"WNT10A"	"c.637G>A"	"p.(G213S)"	"wild type"	"wild type"	"Hypodontia"	"N/A"	"none"	
"dd130"	"EDA"	"c.1045G>A"	"p.(A349T)"	"wild type"	"wild type"	"WNT10A"	"c.511C>T"	"p.(R171C)"	"wild type"	"wild type"	"Hypodontia"	"N/A"	"none"	
"dd019"	"BAAT"	"c.226A>G"	"p.(M66V)"	"wild type"	"wild type"	"TJP2"	"c.143T>C"	"p.(V48A)"	"c.143T>C"	"p.(V48A)"	"Familial hypercholanemia"	"CO"	"indirectly interacting"	
"dd020"	"BAAT"	"c.226A>G"	"p.(M66V)"	"c.226A>G"	"p.(M66V)"	"TJP2"	"c.143T>C"	"p.(V48A)"	"wild type"	"wild type"	"Familial hypercholanemia"	"CO"	"indirectly interacting"	
"dd122"	"NOD2"	"c.2857A>G"	"p.(K953E)"	"wild type"	"wild type"	"IL10RA"	"c.475A>G"	"p.(S159G)"	"c.1051A>G"	"p.(R351G)"	"Autosomal recessive early-onset inflammatory bowel disease"	"N/A"	"co-expression"	
"dd212"	"JUP"	"c.1130G>A"	"p.(R377H)"	"wild type"	"wild type"	"DSP"	"c.38C>T"	"p.(T13I)"	"wild type"	"wild type"	"Arrhythmogenic right ventricular dysplasia"	"N/A"	"directly interacting, indirectly interacting, pathway membership"	
"dd213"	"JUP"	"c.1393C>T"	"p.(R465C)"	"wild type"	"wild type"	"DSP"	"c.1282_1283insA"	"p.(I428Nfs*3)"	"wild type"	"wild type"	"Arrhythmogenic right ventricular dysplasia"	"N/A"	"directly interacting, indirectly interacting, pathway membership"	
"dd042"	"C10orf2"	"c.1001G>A"	"p.R334Q"	"wild type"	"wild type"	"POLG"	"c.2542G>A"	"p.(G848S)"	"wild type"	"wild type"	"Autosomal dominant progressive external ophthalmoplegia"	"N/A"	"indirectly interacting"	
"dd205"	"C10orf2"	"c.1142T>C"	"p.(L381P)"	"wild type"	"wild type"	"POLG"	"c.2831A>G"	"p.(E944G)"	"wild type"	"wild type"	"Autosomal dominant progressive external ophthalmoplegia"	"N/A"	"indirectly interacting"	
"dd038"	"EMD"	"c.110_112delAGA"	"p.(K37del)"	"wild type"	"wild type"	"LMNA"	"c.892C>T"	"p.(R298C)"	"c.892C>T"	"p.(R298C)"	"Emery-Dreifuss muscular dystrophy"	"CO"	"directly interacting, indirectly interacting, pathway membership"	
"dd039"	"EMD"	"c.315T>G"	"p.(Y105*)"	"wild type"	"wild type"	"LMNA"	"c.976T>A"	"p.(S326T)"	"wild type"	"wild type"	"Emery-Dreifuss muscular dystrophy"	"CO"	"directly interacting, indirectly interacting, pathway membership"	
"dd218"	"BMPR2"	"c.1471C>T"	"p.(R491W)"	"wild type"	"wild type"	"KCNA5"	"c.1448del"	"p.(Y483Sfs*4)"	"wild type"	"wild type"	"Heritable pulmonary arterial hypertension"	"CO"	"indirectly interacting"	
"dd023"	"PARK7"	"c.115G>T"	"p.(A39S)"	"wild type"	"wild type"	"PINK1"	"c.1196C>T"	"p.(P399L)"	"wild type"	"wild type"	"Young-onset Parkinson disease"	"TD"	"directly interacting, indirectly interacting, pathway membership"	
"dd024"	"PARK2"	"c.523delA"	"p.(T175Pfs*2)"	"c.523delA"	"p.(T175Pfs*2)"	"PINK1"	"c.170_175dup"	"p.(R58_V59insGR )"	"wild type"	"wild type"	"Young-onset Parkinson disease"	"CO"	"directly interacting, indirectly interacting, pathway membership"	
"dd047"	"KRT5"	"c.548T>C"	"p.(I183T)"	"wild type"	"wild type"	"KRT14"	"c.1163G>A"	"p.(R388H)"	"wild type"	"wild type"	"Epidermolysis bullosa simplex"	"CO"	"directly interacting, indirectly interacting, pathway membership, similar function, co-expression"	
"dd252"	"KRT5"	"c.[464T>C]"	"p.L155P"	"wild type"	"wild type"	"KRT14"	"c.[881T>C]"	"p.M294T"	"wild type"	"wild type"	"Epidermolysis bullosa simplex"	"TD"	"directly interacting, indirectly interacting, pathway membership, similar function, co-expression"	
"dd253"	"KRT5"	"c.[1412G>A]"	"p.R471H"	"wild type"	"wild type"	"KRT14"	"c.[815T>C]"	"p.M272T"	"wild type"	"wild type"	"Epidermolysis bullosa simplex"	"CO"	"directly interacting, indirectly interacting, pathway membership, similar function, co-expression"	
"dd031"	"COL17A1"	"c.2564T>G"	"p.(L855*)"	"c.3676C>T"	"p.(R1226*)"	"LAMB3"	"c.1903C>T"	"p.(R635*)"	"wild type"	"wild type"	"Junctional epidermolysis bullosa"	"N/A"	"pathway membership, co-expression"	
"dd207"	"ATP2B3"	"c.1445G>A"	"p.(R482H)"	"wild type"	"wild type"	"LAMA1"	"c.6074C>T"	"p.(T2025M)"	"c.7141C>T"	"p.(R2381C)"	"X-linked non progressive cerebellar ataxia"	"TD"	"co-expression"	
"dd225"	"PSMA3"	"c.[696_698delAAG]"	"p.R233del"	"wild type"	"wild type"	"PSMB8"	"c.[224C>T]"	"p.T75M"	"wild type"	"wild type"	"CANDLE syndrome"	"TD"	"directly interacting, indirectly interacting, pathway membership, similar function"	
"dd226"	"PSMA3"	"c.[404+2T>G]"	"p.H111Ffs*10"	"wild type"	"wild type"	"PSMB8"	"c.[224C>T]"	"p.T75M"	"wild type"	"wild type"	"CANDLE syndrome"	"TD"	"directly interacting, indirectly interacting, pathway membership, similar function"	
"dd227"	"PSMB4"	"c.[44insG]"	"p.P16Sfs*45"	"wild type"	"wild type"	"PSMB9"	"c.[494G>A]"	"p.G165D"	"wild type"	"wild type"	"CANDLE syndrome"	"TD"	"directly interacting, indirectly interacting, pathway membership, similar function"	
"dd228"	"PSMB4"	"c.[666C>A]"	"p.Y222*"	"wild type"	"wild type"	"PSMB8"	"c.[313A>C]"	"p.K105Q"	"wild type"	"wild type"	"CANDLE syndrome"	"TD"	"directly interacting, indirectly interacting, pathway membership, similar function"	
"dd158"	"EMD"	"c.110_112delAGA"	"p.(K37del)"	"wild type"	"wild type"	"LMNA"	"c.892C>T"	"p.(R298C)"	"wild type"	"wild type"	"Familial atrial fibrillation"	"CO"	"directly interacting, indirectly interacting, pathway membership"	
"dd159"	"EMD"	"c.110_112delAGA"	"p.(K37del)"	"wild type"	"wild type"	"LMNA"	"c.892C>T"	"p.(R298C)"	"wild type"	"wild type"	"Familial atrial fibrillation"	"CO"	"directly interacting, indirectly interacting, pathway membership"	
"dd243"	"NLRP3"	"c.[592G>A]"	"p.V198M"	"wild type"	"wild type"	"MEFV"	"c.[2177T>C]"	"p.V726A"	"wild type"	"wild type"	"Familial Mediterranean fever"	"TD"	"directly interacting, indirectly interacting, pathway membership, similar function, co-expression"	
"dd244"	"NLRP3"	"c.[526C>T]"	"p.R176W"	"wild type"	"wild type"	"MEFV"	"c.[442G>C]"	"p.E148Q"	"wild type"	"wild type"	"Familial Mediterranean fever"	"TD"	"directly interacting, indirectly interacting, pathway membership, similar function, co-expression"	
"dd245"	"TNFRSF1A"	"c.[362G>A]"	"p.R121Q"	"wild type"	"wild type"	"MEFV"	"c.[2080A>G]"	"p.M694V"	"wild type"	"wild type"	"Familial Mediterranean fever"	"TD"	"similar function"	
"dd028"	"MITF"	"c.824delA"	"p.(E275Gfs*37)"	"wild type"	"wild type"	"TYR"	"c.1205G>A"	"p.(R402Q)"	"wild type"	"wild type"	"Ocular albinism with congenital sensorineural deafness"	"N/A"	"pathway membership"	
"dd043"	"SCN1A"	"c.5054C>T"	"p.(A1685V)"	"wild type"	"wild type"	"SCN2A"	"c.1571G>A"	"p.(R524Q)"	"wild type"	"wild type"	"Generalized epilepsy with febrile seizures-plus"	"CO"	"pathway membership, similar function, co-expression"	
"dd135"	"PYGM"	"c.148C>T"	"p.(R50*)"	"wild type"	"wild type"	"CPT2"	"c.338C>T"	"p.(S113L)"	"wild type"	"wild type"	"Glycogen storage disease due to muscle glycogen phosphorylase deficiency"	"N/A"	"none"	
"dd022"	"EDNRB"	"c.914G>A"	"p.(S305N)"	"wild type"	"wild type"	"RET"	"c.1941C>T"	"p.(I647I)"	"wild type"	"wild type"	"Hirschsprung disease"	"TD"	"co-expression"	
"dd148"	"GDNF"	"c.277C>T"	"p.(R93W)"	"wild type"	"wild type"	"RET"	"c.2379delC"	"p.(C794Afs*75)"	"wild type"	"wild type"	"Hirschsprung disease"	"TD"	"directly interacting, indirectly interacting, pathway membership"	
"dd138"	"GNRHR"	"c.247C>G"	"p.(L83V)"	"c.317A>G"	"p.(Q106R)"	"FGFR1"	"c.350A>G"	"p.(N117S)"	"wild type"	"wild type"	"Normosmic congenital hypogonadotropic hypogonadism"	"N/A"	"co-expression"	
"dd140"	"KISS1R"	"c.565G>A"	"p.(A189T)"	"wild type"	"wild type"	"FGFR1"	"c.682T>G"	"p.(Y228D)"	"wild type"	"wild type"	"Normosmic congenital hypogonadotropic hypogonadism"	"N/A"	"none"	
"dd141"	"PROK2"	"c.70G>C"	"p.(A24P)"	"wild type"	"wild type"	"PROKR2"	"c.343G>A"	"p.(V115M)"	"wild type"	"wild type"	"Normosmic congenital hypogonadotropic hypogonadism"	"N/A"	"pathway membership"	
"dd261"	"TRAPPC9"	"c.[1532T>C]"	"p.M511T"	"wild type"	"wild type"	"PDE3A"	"c.[1477G>A]"	"p.G493R"	"wild type"	"wild type"	"Normosmic congenital hypogonadotropic hypogonadism"	"TD"	"none"	
"dd088"	"CEP41"	"c.423-2A>C"	"N/A"	"c.423-2A>C"	"N/A"	"CEP290"	"c.3626C>G"	"p.(S1209C)"	"wild type"	"wild type"	"Joubert syndrome"	"N/A"	"pathway membership, co-expression"	
"dd012"	"KAL1"	"c.1187C>T"	"p.(S396L)"	"wild type"	"wild type"	"PROKR2"	"c.518T>G"	"p.(L173R)"	"wild type"	"wild type"	"Kallmann syndrome"	"N/A"	"none"	
"dd013"	"NSMF"	"c.1132-22_1132-15del"	"p.(Y376*)"	"wild type"	"wild type"	"FGFR1"	"c.1025T>C"	"p.(L342S)"	"wild type"	"wild type"	"Kallmann syndrome"	"CO"	"none"	
"dd015"	"KAL1"	"c.1540G>A"	"p.(E514K)"	"wild type"	"wild type"	"PROKR2"	"c.518T>G"	"p.(L173R)"	"wild type"	"wild type"	"Kallmann syndrome"	"N/A"	"none"	
"dd016"	"NSMF"	"c.757G>A"	"p.(A253T)"	"wild type"	"wild type"	"KAL1"	"c.488_490delGTT"	"p.(C163del)"	"wild type"	"wild type"	"Kallmann syndrome"	"N/A"	"none"	
"dd017"	"NSMF"	"c.1160-13C>T"	"N/A"	"wild type"	"wild type"	"TACR3"	"c.824G>A"	"p.(W275*)"	"wild type"	"wild type"	"Kallmann syndrome"	"N/A"	"none"	
"dd018"	"FGFR1"	"c.165_171del"	"p.(C55fs*45)"	"wild type"	"wild type"	"PROKR2"	"c.518T>G"	"p.(L173R)"	"wild type"	"wild type"	"Kallmann syndrome"	"CO"	"none"	
"dd136"	"KAL1"	"c.1267C>T"	"p.(R423*)"	"wild type"	"wild type"	"PROKR2"	"c.518T>G"	"p.(L173R)"	"wild type"	"wild type"	"Kallmann syndrome"	"CO"	"none"	
"dd142"	"KAL1"	"c.1414A>G"	"p.(T472A)"	"wild type"	"wild type"	"FGFR1"	"c.854C>G"	"p.(P285R)"	"wild type"	"wild type"	"Kallmann syndrome"	"N/A"	"directly interacting, indirectly interacting, pathway membership, similar function"	
"dd143"	"KAL1"	"c.1627G>A"	"p.(V543I)"	"wild type"	"wild type"	"CHD7"	"c.2440C>T"	"p.(Q814*)"	"wild type"	"wild type"	"Kallmann syndrome"	"N/A"	"none"	
"dd164"	"FGFR1"	"c.1042G>A"	"p.(G348R)"	"wild type"	"wild type"	"IL17RD"	"c.1136A>G"	"p.(Y379C)"	"wild type"	"wild type"	"Kallmann syndrome"	"TD"	"directly interacting, co-expression"	
"dd165"	"KISS1R"	"c.581C>A"	"p.(A194D)"	"wild type"	"wild type"	"IL17RD"	"c.2204C>T"	"p.(A735V)"	"wild type"	"wild type"	"Kallmann syndrome"	"N/A"	"none"	
"dd166"	"FGFR1"	"c.2075A>G"	"p.(E692G)"	"wild type"	"wild type"	"DUSP6"	"c.545C>T"	"p.(S182F)"	"wild type"	"wild type"	"Kallmann syndrome"	"N/A"	"pathway membership"	
"dd167"	"SPRY4"	"c.722C>A"	"p.(S241Y)"	"wild type"	"wild type"	"DUSP6"	"c.566A>G"	"p.(N189S)"	"wild type"	"wild type"	"Kallmann syndrome"	"N/A"	"none"	
"dd168"	"SPRY4"	"c.722C>A"	"p.(S241Y)"	"wild type"	"wild type"	"DUSP6"	"c.1037C>T"	"p.(T346M)"	"wild type"	"wild type"	"Kallmann syndrome"	"N/A"	"none"	
"dd169"	"SPRY4"	"c.722C>A"	"p.(S241Y)"	"wild type"	"wild type"	"FGFR1"	"c.1447C>A"	"p.(P483T)"	"wild type"	"wild type"	"Kallmann syndrome"	"N/A"	"indirectly interacting, co-expression"	
"dd170"	"FGFR1"	"c.2008G>A"	"p.(E670K)"	"wild type"	"wild type"	"FLRT3"	"c.205C>A"	"p.(Q69K)"	"wild type"	"wild type"	"Kallmann syndrome"	"N/A"	"directly interacting, pathway membership, similar function, co-expression"	
"dd201"	"FGFR1"	"c.1810G>A"	"p.(A604T)"	"wild type"	"wild type"	"PROKR2"	"c.254G>T"	"p.(R85L)"	"wild type"	"wild type"	"Kallmann syndrome"	"N/A"	"none"	
"dd202"	"KISS1R"	"c.565G>A"	"p.(A189T)"	"wild type"	"wild type"	"PROKR2"	"c.802C>T"	"p.(R268C)"	"wild type"	"wild type"	"Kallmann syndrome"	"N/A"	"pathway membership, similar function"	
"dd203"	"GNRHR"	"c.719G>A"	"p.(R240Q)"	"wild type"	"wild type"	"PROKR2"	"c.991G>A"	"p.(V331M)"	"wild type"	"wild type"	"Kallmann syndrome"	"N/A"	"pathway membership, similar function"	
"dd173"	"PRF1"	"c.1310C>T"	"p.(A437V)"	"wild type"	"wild type"	"UNC13D"	"c.169G>T"	"p.(E57*)"	"wild type"	"wild type"	"Familial hemophagocytic lymphohistiocytosis"	"TD"	"similar function"	
"dd174"	"PRF1"	"c.272C>T"	"p.(A91V)"	"wild type"	"wild type"	"UNC13D"	"c.2709+6G>T"	"N/A"	"wild type"	"wild type"	"Familial hemophagocytic lymphohistiocytosis"	"TD"	"similar function"	
"dd175"	"PRF1"	"c.992C>T"	"p.(S331L)"	"wild type"	"wild type"	"UNC13D"	"c.1232G>A"	"p.(R411Q)"	"wild type"	"wild type"	"Familial hemophagocytic lymphohistiocytosis"	"TD"	"similar function"	
"dd176"	"PRF1"	"c.272C>T"	"p.(A91V)"	"wild type"	"wild type"	"UNC13D"	"c.227C>T"	"p.(T76M)"	"wild type"	"wild type"	"Familial hemophagocytic lymphohistiocytosis"	"TD"	"similar function"	
"dd177"	"PRF1"	"c.272C>T"	"p.(A91V)"	"wild type"	"wild type"	"UNC13D"	"c.869C>T"	"p.(S290L)"	"wild type"	"wild type"	"Familial hemophagocytic lymphohistiocytosis"	"TD"	"similar function"	
"dd178"	"PRF1"	"c.272C>T"	"p.(A91V)"	"wild type"	"wild type"	"UNC13D"	"c.2243C>T"	"p.(A748V)"	"wild type"	"wild type"	"Familial hemophagocytic lymphohistiocytosis"	"TD"	"similar function"	
"dd179"	"PRF1"	"c.1229G>A"	"p.(R410Q)"	"wild type"	"wild type"	"UNC13D"	"c.1036G>A"	"p.(D346N)"	"wild type"	"wild type"	"Familial hemophagocytic lymphohistiocytosis"	"TD"	"similar function"	
"dd180"	"PRF1"	"c.272C>T"	"p.(A91V)"	"wild type"	"wild type"	"UNC13D"	"c.3160A>G"	"p.(I1054V)"	"wild type"	"wild type"	"Familial hemophagocytic lymphohistiocytosis"	"TD"	"similar function"	
"dd181"	"PRF1"	"c.10C>T"	"p.(R4C)"	"wild type"	"wild type"	"UNC13D"	"c.3232G>C"	"p.(A1078P)"	"wild type"	"wild type"	"Familial hemophagocytic lymphohistiocytosis"	"TD"	"similar function"	
"dd182"	"PRF1"	"c.272C>T"	"p.(A91V)"	"wild type"	"wild type"	"UNC13D"	"c.2896C>T"	"p.(R966W)"	"wild type"	"wild type"	"Familial hemophagocytic lymphohistiocytosis"	"TD"	"similar function"	
"dd184"	"PRF1"	"c.50delT"	"p.(L17Rfs*34)"	"wild type"	"wild type"	"UNC13D"	"c.1579C>T"	"p.(R527W)"	"wild type"	"wild type"	"Familial hemophagocytic lymphohistiocytosis"	"TD"	"similar function"	
"dd185"	"PRF1"	"c.445G>A"	"p.(G149S)"	"wild type"	"wild type"	"UNC13D"	"c.2896C>T"	"p.(R966W)"	"wild type"	"wild type"	"Familial hemophagocytic lymphohistiocytosis"	"TD"	"similar function"	
"dd187"	"PRF1"	"c.272C>T"	"p.(A91V)"	"wild type"	"wild type"	"UNC13D"	"c.182A>G"	"p.(Y61C)"	"wild type"	"wild type"	"Familial hemophagocytic lymphohistiocytosis"	"TD"	"similar function"	
"dd188"	"PRF1"	"c.272C>T"	"p.(A91V)"	"wild type"	"wild type"	"STXBP2"	"c.1034C>T"	"p.(T345M)"	"wild type"	"wild type"	"Familial hemophagocytic lymphohistiocytosis"	"TD"	"co-expression"	
"dd190"	"PRF1"	"c.655T>A"	"p.(Y219N)"	"wild type"	"wild type"	"STXBP2"	"c.1034C>T"	"p.(T345M)"	"wild type"	"wild type"	"Familial hemophagocytic lymphohistiocytosis"	"TD"	"co-expression"	
"dd191"	"PRF1"	"c.272C>T"	"p.(A91V)"	"wild type"	"wild type"	"STXBP2"	"c.1586G>C"	"p.(R529P)"	"wild type"	"wild type"	"Familial hemophagocytic lymphohistiocytosis"	"TD"	"co-expression"	
"dd192"	"PRF1"	"c.50delT"	"p.(L17Rfs*34)"	"wild type"	"wild type"	"STXBP2"	"c.1459G>A"	"p.(V487M)"	"wild type"	"wild type"	"Familial hemophagocytic lymphohistiocytosis"	"TD"	"co-expression"	
"dd193"	"PRF1"	"c.272C>T"	"p.(A91V)"	"wild type"	"wild type"	"STXBP2"	"c.795-4C>T"	"N/A"	"wild type"	"wild type"	"Familial hemophagocytic lymphohistiocytosis"	"TD"	"co-expression"	
"dd194"	"STXBP2"	"c.911C>T"	"p.(T304M)"	"wild type"	"wild type"	"UNC13D"	"c.2896C>T"	"p.(R966W)"	"wild type"	"wild type"	"Familial hemophagocytic lymphohistiocytosis"	"TD"	"none"	
"dd195"	"STXBP2"	"c.*12G>A"	"N/A"	"wild type"	"wild type"	"UNC13D"	"c.1389+1G>A"	"N/A"	"wild type"	"wild type"	"Familial hemophagocytic lymphohistiocytosis"	"TD"	"none"	
"dd196"	"STXBP2"	"c.*12G>A"	"N/A"	"wild type"	"wild type"	"UNC13D"	"c.2896C>T"	"p.(R966W)"	"wild type"	"wild type"	"Familial hemophagocytic lymphohistiocytosis"	"TD"	"none"	
"dd197"	"STXBP2"	"c.715C>T"	"p.(P239S)"	"wild type"	"wild type"	"UNC13D"	"c.2896C>T"	"p.(R966W)"	"wild type"	"wild type"	"Familial hemophagocytic lymphohistiocytosis"	"TD"	"none"	
"dd198"	"STX11"	"c.221C>T"	"p.(T74M)"	"wild type"	"wild type"	"UNC13D"	"c.2030T>C"	"p.(I677T)"	"wild type"	"wild type"	"Familial hemophagocytic lymphohistiocytosis"	"TD"	"none"	
"dd199"	"STXBP2"	"c.568C>T"	"p.(R190C)"	"wild type"	"wild type"	"STX11"	"c.9C>A"	"p.(D3E)"	"wild type"	"wild type"	"Familial hemophagocytic lymphohistiocytosis"	"TD"	"directly interacting, indirectly interacting"	
"dd200"	"RAB27A"	"c.295T>G"	"p.(F99V)"	"wild type"	"wild type"	"STXBP2"	"c.1034C>T"	"p.(T345M)"	"wild type"	"wild type"	"Familial hemophagocytic lymphohistiocytosis"	"TD"	"indirectly interacting, co-expression"	
"dd171"	"ITGA7"	"c.2656G>A"	"p.(E882K)"	"c.2656G>A"	"p.(E882K)"	"MYH7B"	"c.2668C>T"	"p.(R890C)"	"c.2668C>T"	"p.(R890C)"	"Left ventricular non-compaction"	"N/A"	"co-expression"	
"dd215"	"ABCC9"	"c.3594G>A"	"p.(M1198I)"	"wild type"	"wild type"	"TTN"	"c.9359G>A"	"p.(R3120Q)"	"c.93319C>T"	"p.(R31107C)"	"Left ventricular non-compaction"	"N/A"	"indirectly interacting, co-expression"	
"dd029"	"TYR"	"c.1467dupT"	"p.(A490Cfs*20)"	"c.1205G>A"	"p.(R402Q)"	"OCA2"	"c.1327G>A"	"p.(V443I)"	"wild type"	"wild type"	"Oculocutaneous albinism"	"CO"	"pathway membership"	
"dd030"	"TYR"	"c.1037-7T>A"	"N/A"	"wild type"	"wild type"	"OCA2"	"c.79G>A"	"p.(G27R)"	"c.79G>A"	"p.(G27R)"	"Oculocutaneous albinism"	"CO"	"pathway membership"	
"dd117"	"TYR"	"c.230G>A"	"p.(R77Q)"	"wild type"	"wild type"	"SLC45A2"	"c.1045G>A"	"p.(G349R)"	"wild type"	"wild type"	"Oculocutaneous albinism"	"TD"	"pathway membership"	
"dd118"	"TYR"	"c.832C>T"	"p.(R278*)"	"wild type"	"wild type"	"SLC45A2"	"c.478G>C"	"p.(D160H)"	"wild type"	"wild type"	"Oculocutaneous albinism"	"TD"	"pathway membership"	
"dd119"	"OCA2"	"c.2497G>T"	"p.(V833L)"	"wild type"	"wild type"	"SLC45A2"	"c.478G>C"	"p.(D160H)"	"c.478G>C"	"p.(D160H)"	"Oculocutaneous albinism"	"TD"	"pathway membership, co-expression"	
"dd120"	"TYR"	"c.1205G>A"	"p.(R402Q)"	"wild type"	"wild type"	"SLC45A2"	"c.563G>A"	"p.(G188D)"	"wild type"	"wild type"	"Oculocutaneous albinism"	"TD"	"pathway membership"	
"dd121"	"TYR"	"c.346C>T"	"p.(R116*)"	"wild type"	"wild type"	"OCA2"	"c.1441G>A"	"p.(A481T)"	"wild type"	"wild type"	"Oculocutaneous albinism"	"TD"	"pathway membership"	
"dd172"	"HNF4A"	"c.400C>T"	"p.(R127W)"	"wild type"	"wild type"	"HNF1A"	"c.872dup"	"p.(G292Rfs*25)"	"wild type"	"wild type"	"MODY"	"CO"	"directly interacting, indirectly interacting, pathway membership, co-expression"	
"dd219"	"NEUROD1"	"c.-162G>A"	"N/A"	"wild type"	"wild type"	"PDX1"	"c.670G>A"	"p.(E224K)"	"wild type"	"wild type"	"MODY"	"CO"	"directly interacting, indirectly interacting, pathway membership"	
"dd220"	"NEUROD1"	"c.723C>G"	"p.(H241Q)"	"wild type"	"wild type"	"PDX1"	"c.670G>A"	"p.(E224K)"	"wild type"	"wild type"	"MODY"	"CO"	"directly interacting, indirectly interacting, pathway membership"	
"dd254"	"BMP15"	"c.[13A>C]"	"p.S5R"	"wild type"	"wild type"	"SMC1B"	"c.[3530A>T]"	"p.Q1177L"	"wild type"	"wild type"	"Primary ovarian insufficiency"	"CO"	"none"	
"dd255"	"REC8"	"c.[461A>G]"	"p.Q154R"	"wild type"	"wild type"	"GDF9"	"c.[1360C>T]"	"p.R454C"	"wild type"	"wild type"	"Primary ovarian insufficiency"	"CO"	"co-expression"	
"dd256"	"GALT"	"c.[776G>A]"	"p.R259Q"	"wild type"	"wild type"	"FOXL2"	"c.[13T>A]"	"p.Y5N"	"wild type"	"wild type"	"Primary ovarian insufficiency"	"CO"	"none"	
"dd257"	"FIGLA"	"c.[122C>T]"	"p.A41V"	"wild type"	"wild type"	"GDF9"	"c.[307C>T]"	"p.P103S"	"wild type"	"wild type"	"Primary ovarian insufficiency"	"CO"	"none"	
"dd258"	"BMP15"	"c.[13A>C]"	"p.S5R"	"wild type"	"wild type"	"NOBOX"	"c.[1112A>C]"	"p.K371T"	"wild type"	"wild type"	"Primary ovarian insufficiency"	"CO"	"none"	
"dd259"	"NOBOX"	"c.[271G>T]"	"p.G91W"	"c.[1856C>T]"	"p.P619L"	"SMC1B"	"c.[662T>C]"	"p.I221T"	"wild type"	"wild type"	"Primary ovarian insufficiency"	"CO"	"none"	
"dd260"	"BMP15"	"c.[13A>C]"	"p.S5R"	"wild type"	"wild type"	"NOBOX"	"c.[271G>T]"	"p.G91W"	"wild type"	"wild type"	"Primary ovarian insufficiency"	"CO"	"none"	
"dd123"	"LMBRD1"	"c.1056delG"	"p.(N353Ifs*18)"	"wild type"	"wild type"	"MTR"	"c.3518C>T"	"p.(P1173L)"	"wild type"	"wild type"	"Homocystinuria without methylmalonic aciduria"	"TD"	"pathway membership"	
"dd230"	"COL4A4"	"c.[1553G>A]"	"p.G518E"	"wild type"	"wild type"	"COL4A3"	"c.[2746+1G>T]"	"N/A"	"wild type"	"wild type"	"Alport syndrome"	"CO"	"indirectly interacting, pathway membership, similar function, co-expression"	
"dd231"	"COL4A4"	"c.[3452G>C]"	"p.G1151A"	"wild type"	"wild type"	"COL4A3"	"c.[898G>A]"	"p.G300R"	"wild type"	"wild type"	"Alport syndrome"	"CO"	"indirectly interacting, pathway membership, similar function, co-expression"	
"dd232"	"COL4A4"	"c.[4698delT]"	"p.C1566Wfs*37"	"wild type"	"wild type"	"COL4A3"	"c.[1558G>C]"	"p.G520R"	"wild type"	"wild type"	"Alport syndrome"	"CO"	"indirectly interacting, pathway membership, similar function, co-expression"	
"dd233"	"COL4A4"	"c.[1293_1310del]"	"p.K434_G439del"	"wild type"	"wild type"	"COL4A3"	"c.[1504+1G>A]"	"N/A"	"wild type"	"wild type"	"Alport syndrome"	"CO"	"indirectly interacting, pathway membership, similar function, co-expression"	
"dd234"	"COL4A4"	"c.[1459+1G>A]"	"N/A"	"wild type"	"wild type"	"COL4A3"	"c.[2065G>A]"	"p.G689R"	"wild type"	"wild type"	"Alport syndrome"	"CO"	"indirectly interacting, pathway membership, similar function, co-expression"	
"dd235"	"COL4A5"	"c.[2858G>T]"	"p.G953V"	"wild type"	"wild type"	"COL4A4"	"c.[3817+1G>T]"	"N/A"	"wild type"	"wild type"	"Alport syndrome"	"CO"	"indirectly interacting, pathway membership, similar function, co-expression"	
"dd236"	"COL4A5"	"c.[1931G>A]"	"p.G644D"	"wild type"	"wild type"	"COL4A4"	"c.[2075G>T]"	"p.G692V"	"wild type"	"wild type"	"Alport syndrome"	"CO"	"indirectly interacting, pathway membership, similar function, co-expression"	
"dd237"	"COL4A5"	"c.[4042G>A]"	"p.G1348R"	"wild type"	"wild type"	"COL4A4"	"c.[2164G>A]"	"p.G722S"	"wild type"	"wild type"	"Alport syndrome"	"CO"	"indirectly interacting, pathway membership, similar function, co-expression"	
"dd238"	"COL4A5"	"c.[2051G>T]"	"p.G864V"	"wild type"	"wild type"	"COL4A4"	"c.[1623+5G>T]"	"N/A"	"c.[4760C>G]"	"p.P1587R"	"Alport syndrome"	"CO"	"indirectly interacting, pathway membership, similar function, co-expression"	
"dd246"	"COL4A4"	"c.[931-2A>G]"	"N/A"	"wild type"	"wild type"	"COL4A3"	"c.[3829G>A]"	"p.G1277S"	"wild type"	"wild type"	"Alport syndrome"	"N/A"	"indirectly interacting, pathway membership, similar function, co-expression"	
"dd247"	"COL4A4"	"c.[3697G>A]"	"p.G1233R"	"wild type"	"wild type"	"COL4A3"	"c.[3829G>A]"	"p.G1277S"	"wild type"	"wild type"	"Alport syndrome"	"N/A"	"indirectly interacting, pathway membership, similar function, co-expression"	
"dd248"	"COL4A5"	"c.[2605G>A]"	"p.G869R"	"wild type"	"wild type"	"COL4A3"	"c.[3829G>A]"	"p.G1277S"	"wild type"	"wild type"	"Alport syndrome"	"N/A"	"indirectly interacting, pathway membership, similar function, co-expression"	
"dd249"	"COL4A4"	"c.[5045G>A]"	"p.R1682Q"	"wild type"	"wild type"	"COL4A3"	"c.[4523A>G]"	"p.N1508S"	"wild type"	"wild type"	"Alport syndrome"	"CO"	"indirectly interacting, pathway membership, similar function, co-expression"	
"dd250"	"COL4A5"	"c.[780+5G>A]"	"N/A"	"wild type"	"wild type"	"COL4A4"	"c.[976-56A>G]"	"N/A"	"wild type"	"wild type"	"Alport syndrome"	"TD"	"indirectly interacting, pathway membership, similar function, co-expression"	
"dd251"	"COL4A5"	"c.[2732G>A]"	"p.G911E"	"wild type"	"wild type"	"COL4A3"	"c.[3691G>A]"	"p.G1231S"	"wild type"	"wild type"	"Alport syndrome"	"CO"	"indirectly interacting, pathway membership, similar function, co-expression"	
"dd011"	"NPHS2"	"c.413G>A"	"p.(R138Q)"	"c.413G>A"	"p.(R138Q)"	"NPHS1"	"c.275-2A>C"	"N/A"	"wild type"	"wild type"	"Familial idiopathic steroid-resistant nephrotic syndrome"	"CO"	"directly interacting, indirectly interacting, pathway membership"	
"dd114"	"CD2AP"	"c.1488G>A"	"p.(M496I)"	"wild type"	"wild type"	"NPHS2"	"c.622G>A"	"p.(A208T)"	"wild type"	"wild type"	"Familial idiopathic steroid-resistant nephrotic syndrome"	"TD"	"directly interacting, indirectly interacting, pathway membership"	
"dd115"	"NPHS2"	"c.413G>A"	"p.(R138Q)"	"c.948delT"	"p.(A317Lfs*31)"	"NPHS1"	"c.791C>G"	"p.(P264R)"	"wild type"	"wild type"	"Familial idiopathic steroid-resistant nephrotic syndrome"	"TD"	"directly interacting, indirectly interacting, pathway membership"	
"dd116"	"WT1"	"c.1228+5G>A"	"N/A"	"wild type"	"wild type"	"NPHS1"	"c.1126C>G"	"p.(L376V)"	"wild type"	"wild type"	"Familial idiopathic steroid-resistant nephrotic syndrome"	"TD"	"indirectly interacting, co-expression"	
"dd131"	"NPHS2"	"c.686G>A"	"p.(R229Q)"	"wild type"	"wild type"	"NPHS1"	"c.2335-1G>A"	"N/A"	"c.2335-1G>A"	"N/A"	"Familial idiopathic steroid-resistant nephrotic syndrome"	"N/A"	"directly interacting, indirectly interacting, pathway membership"	
"dd132"	"NPHS2"	"c.436delA"	"p.(R146Efs*35)"	"c.436delA"	"p.(R146Efs*35)"	"NPHS1"	"c.563A>T"	"p.(N188I)"	"wild type"	"wild type"	"Familial idiopathic steroid-resistant nephrotic syndrome"	"N/A"	"directly interacting, indirectly interacting, pathway membership"	
"dd133"	"NPHS2"	"c.413G>A"	"p.(R138Q)"	"c.413G>A"	"p.(R138Q)"	"NPHS1"	"c.1930+11C>A"	"N/A"	"c.1930+11C>A"	"N/A"	"Familial idiopathic steroid-resistant nephrotic syndrome"	"N/A"	"directly interacting, indirectly interacting, pathway membership"	
"dd041"	"ALAD"	"c.36C>G"	"p.(F12L)"	"wild type"	"wild type"	"CPOX"	"c.835G>C"	"p.(G279R)"	"wild type"	"wild type"	"Porphyria"	"CO"	"indirectly interacting, pathway membership, co-expression"	
"dd050"	"HMBS"	"c.422+1G>T"	"N/A"	"wild type"	"wild type"	"UROD"	"c.650_651dupTT"	"p.(E218Lfs*28)"	"wild type"	"wild type"	"Porphyria"	"CO"	"pathway membership, co-expression"	
"dd045"	"GGCX"	"c.763G>A"	"p.(V255M)"	"wild type"	"wild type"	"ABCC6"	"c.3421C>T"	"p.(R1141*)"	"wild type"	"wild type"	"Pseudoxanthoma elasticum"	"N/A"	"co-expression"	
"dd001"	"KCNQ1"	"c.1022C>A"	"p.(A341E)"	"wild type"	"wild type"	"KCNH2"	"c.2592+1G>A"	"N/A"	"wild type"	"wild type"	"Familial long QT syndrome"	"CO"	"indirectly interacting, pathway membership, similar function, co-expression"	
"dd048"	"KCNE2"	"c.178T>C"	"p.(F60L)"	"wild type"	"wild type"	"SCN5A"	"c.4868G>A"	"p.(R1623Q)"	"wild type"	"wild type"	"Familial long QT syndrome"	"CO"	"co-expression"	
"dd053"	"KCNE1"	"c.379C>A"	"p.(P127T)"	"wild type"	"wild type"	"KCNQ1"	"c.1022C>T"	"p.(A341V)"	"wild type"	"wild type"	"Familial long QT syndrome"	"N/A"	"directly interacting, indirectly interacting, pathway membership, co-expression"	
"dd054"	"KCNE1"	"c.253G>A"	"p.(D85N)"	"wild type"	"wild type"	"KCNQ1"	"c.502G>A"	"p.(G168R)"	"wild type"	"wild type"	"Familial long QT syndrome"	"CO"	"directly interacting, indirectly interacting, pathway membership, co-expression"	
"dd055"	"KCNE1"	"c.253G>A"	"p.(D85N)"	"wild type"	"wild type"	"KCNQ1"	"c.935C>T"	"p.(T312I)"	"wild type"	"wild type"	"Familial long QT syndrome"	"N/A"	"directly interacting, indirectly interacting, pathway membership, co-expression"	
"dd056"	"KCNE1"	"c.253G>A"	"p.(D85N)"	"wild type"	"wild type"	"KCNQ1"	"c.569G>A"	"p.(R190Q)"	"wild type"	"wild type"	"Familial long QT syndrome"	"CO"	"directly interacting, indirectly interacting, pathway membership, co-expression"	
"dd058"	"KCNE1"	"c.221C>T"	"p.(S74L)"	"wild type"	"wild type"	"KCNH2"	"c.2764C>T"	"p.(R922W)"	"wild type"	"wild type"	"Familial long QT syndrome"	"CO"	"directly interacting, pathway membership, co-expression"	
"dd059"	"KCNE1"	"c.253G>A"	"p.(D85N)"	"wild type"	"wild type"	"KCNH2"	"c.1682C>T"	"p.(A561V)"	"wild type"	"wild type"	"Familial long QT syndrome"	"CO"	"directly interacting, pathway membership, co-expression"	
"dd060"	"KCNE1"	"c.253G>A"	"p.(D85N)"	"c.253G>A"	"p.(D85N)"	"KCNH2"	"c.2582A>T"	"p.(N861I)"	"wild type"	"wild type"	"Familial long QT syndrome"	"CO"	"directly interacting, pathway membership, co-expression"	
"dd061"	"KCNE1"	"c.253G>A"	"p.(D85N)"	"wild type"	"wild type"	"KCNH2"	"c.132C>A"	"p.(C44*)"	"wild type"	"wild type"	"Familial long QT syndrome"	"N/A"	"directly interacting, pathway membership, co-expression"	
"dd062"	"KCNE1"	"c.253G>A"	"p.(D85N)"	"wild type"	"wild type"	"KCNH2"	"c.1933A>T"	"p.(M645L)"	"wild type"	"wild type"	"Familial long QT syndrome"	"CO"	"directly interacting, pathway membership, co-expression"	
"dd063"	"KCNE1"	"c.253G>A"	"p.(D85N)"	"wild type"	"wild type"	"KCNH2"	"c.1825G>A"	"p.(D609N)"	"wild type"	"wild type"	"Familial long QT syndrome"	"N/A"	"directly interacting, pathway membership, co-expression"	
"dd064"	"KCNE1"	"c.253G>A"	"p.(D85N)"	"wild type"	"wild type"	"KCNH2"	"c.934C>T"	"p.(R312C)"	"wild type"	"wild type"	"Familial long QT syndrome"	"CO"	"directly interacting, pathway membership, co-expression"	
"dd065"	"KCNE1"	"c.95G>A"	"p.(R32H)"	"wild type"	"wild type"	"SCN5A"	"c.4931G>A"	"p.(R1644H)"	"wild type"	"wild type"	"Familial long QT syndrome"	"N/A"	"indirectly interacting, co-expression"	
"dd066"	"KCNE1"	"c.253G>A"	"p.(D85N)"	"wild type"	"wild type"	"SCN5A"	"c.4868G>A"	"p.(R1623Q)"	"wild type"	"wild type"	"Familial long QT syndrome"	"CO"	"indirectly interacting, co-expression"	
"dd067"	"KCNQ1"	"c.562delT"	"p.(W188Gfs*49)"	"wild type"	"wild type"	"KCNH2"	"c.2775dup"	"p.(P926fsAfs*14)"	"wild type"	"wild type"	"Familial long QT syndrome"	"N/A"	"indirectly interacting, pathway membership, similar function, co-expression"	
"dd068"	"KCNQ1"	"c.728G>C"	"p.(R243P)"	"wild type"	"wild type"	"KCNH2"	"c.2842C>T"	"p.(R948C)"	"wild type"	"wild type"	"Familial long QT syndrome"	"N/A"	"indirectly interacting, pathway membership, similar function, co-expression"	
"dd069"	"SCN5A"	"c.5455G>A"	"p.(D1819N)"	"wild type"	"wild type"	"KCNH2"	"c.298C>G"	"p.(R100G)"	"wild type"	"wild type"	"Familial long QT syndrome"	"N/A"	"indirectly interacting, similar function, co-expression"	
"dd070"	"CAV3"	"c.233C>T"	"p.(T78M)"	"wild type"	"wild type"	"KCNH2"	"c.2738C>T"	"p.(A913V)"	"wild type"	"wild type"	"Familial long QT syndrome"	"N/A"	"directly interacting, indirectly interacting, co-expression"	
"dd144"	"KCNQ1"	"c.760G>A"	"p.(V254M)"	"wild type"	"wild type"	"SCN5A"	"c.1715C>A"	"p.(A572D)"	"wild type"	"wild type"	"Familial long QT syndrome"	"CO"	"indirectly interacting, similar function, co-expression"	
"dd147"	"KCNQ1"	"c.1552C>T"	"p.(R518*)"	"wild type"	"wild type"	"SCN5A"	"c.4850_4852delTCT"	"p.(F1617del)"	"wild type"	"wild type"	"Familial long QT syndrome"	"CO"	"indirectly interacting, similar function, co-expression"	
"dd046"	"PITX2"	"c.698C>T"	"p.(S233L)"	"wild type"	"wild type"	"FOXC1"	"c.609delC"	"p.(A402Rfs*111)"	"wild type"	"wild type"	"Axenfeld-Rieger syndrome"	"CO"	"directly interacting, indirectly interacting"	
"dd222"	"PRPH2"	"c.554T>C"	"p.(L185P)"	"wild type"	"wild type"	"ROM1"	"c.239dup"	"p.(V81Cfs*51)"	"wild type"	"wild type"	"Retinitis pigmentosa"	"TD"	"directly interacting, similar function, co-expression"	
"dd223"	"PRPH2"	"c.554T>C"	"p.(L185P)"	"wild type"	"wild type"	"ROM1"	"c.339dup"	"p.(L114Afs*18)"	"wild type"	"wild type"	"Retinitis pigmentosa"	"TD"	"directly interacting, similar function, co-expression"	
"dd268"	"LRP5"	"c.[3361A>G]"	"p.N1121D"	"wild type"	"wild type"	"EYS"	"c.[7723+1G>A]"	"N/A"	"wild type"	"wild type"	"Retinitis pigmentosa"	"TD"	"similar function"	
"dd229"	"CDK5RAP2"	"c.[4187T>C]"	"p.M1397T"	"wild type"	"wild type"	"CEP152"	"c.[3014_3015delAAinsT]"	"p.K1005Ifs*16"	"wild type"	"wild type"	"Seckel syndrome"	"TD"	"directly interacting, indirectly interacting, pathway membership, co-expression"	
"dd002"	"GJB3"	"c.497A>G"	"p.(N166S)"	"wild type"	"wild type"	"GJB2"	"c.235delC"	"p.(L79Cfs*3)"	"wild type"	"wild type"	"Non-syndromic genetic deafness"	"TD"	"indirectly interacting, pathway membership, similar function"	
"dd003"	"GJB3"	"c.580G>A"	"p.(A194T)"	"wild type"	"wild type"	"GJB2"	"c.235delC"	"p.(L79Cfs*3)"	"wild type"	"wild type"	"Non-syndromic genetic deafness"	"TD"	"indirectly interacting, pathway membership, similar function"	
"dd004"	"GJB3"	"c.580G>A"	"p.(A194T)"	"wild type"	"wild type"	"GJB2"	"c.299_300delAT"	"p.(H100Rfs*14)"	"wild type"	"wild type"	"Non-syndromic genetic deafness"	"TD"	"indirectly interacting, pathway membership, similar function"	
"dd005"	"FOXI1"	"c.773G>A"	"p.(G258E)"	"wild type"	"wild type"	"SLC26A4"	"c.85G>C"	"p.(E29Q)"	"wild type"	"wild type"	"Non-syndromic genetic deafness"	"TD"	"co-expression"	
"dd006"	"ATP2B2"	"c.1756G>A"	"p.(V586M)"	"wild type"	"wild type"	"CDH23"	"c.5663T>C"	"p.(F1888S)"	"c.5663T>C"	"p.(F1888S)"	"Non-syndromic genetic deafness"	"CO"	"co-expression"	
"dd134"	"ATP2B2"	"c.1756G>A"	"p.(V586M)"	"wild type"	"wild type"	"MYO6"	"c.737A>G"	"p.(H246R)"	"wild type"	"wild type"	"Non-syndromic genetic deafness"	"CO"	"indirectly interacting"	
"dd145"	"KCNJ10"	"c.1042C>T"	"p.(R348C)"	"wild type"	"wild type"	"SLC26A4"	"c.919-2A>G"	"N/A"	"wild type"	"wild type"	"Non-syndromic genetic deafness"	"TD"	"none"	
"dd146"	"KCNJ10"	"c.581C>A"	"p.(P194H)"	"wild type"	"wild type"	"SLC26A4"	"c.1003T>C"	"p.(F335L)"	"wild type"	"wild type"	"Non-syndromic genetic deafness"	"TD"	"none"	
"dd206"	"GJB2"	"c.35delG"	"p.(G12Vfs*2)"	"wild type"	"wild type"	"TMPRSS3"	"c.208delC"	"p.(H70Tfs*19)"	"wild type"	"wild type"	"Non-syndromic genetic deafness"	"TD"	"none"	
"dd221"	"PDZD7"	"c.76_77del"	"p.(S26Lfs*53)"	"wild type"	"wild type"	"GPR98"	"c.3022+2T>G"	"N/A"	"wild type"	"wild type"	"Non-syndromic genetic deafness"	"TD"	"none"	
"dd242"	"MITF"	"c.[1021C>T]"	"p.R341C"	"wild type"	"wild type"	"GJB2"	"c.235delC"	"p.(L79Cfs*3)"	"wild type"	"wild type"	"Non-syndromic genetic deafness"	"TD"	"none"	
"dd267"	"GJB2"	"c.[487A>G]"	"p.M163V"	"wild type"	"wild type"	"TMPRSS3"	"c.[1276G>A]"	"p.A426T"	"wild type"	"wild type"	"Non-syndromic genetic deafness"	"N/A"	"none"	
"dd007"	"PCDH15"	"c.5601_5603delAAC"	"p.(T1869del)"	"wild type"	"wild type"	"CDH23"	"c.193delC"	"p.(L65Wfs*49)"	"wild type"	"wild type"	"Usher syndrome"	"TD"	"indirectly interacting, similar function, co-expression"	
"dd008"	"PCDH15"	"c.16delT"	"p.(Y6Ifs*6)"	"wild type"	"wild type"	"CDH23"	"c.9565C>T"	"p.(R3189W)"	"wild type"	"wild type"	"Usher syndrome"	"TD"	"indirectly interacting, similar function, co-expression"	
"dd009"	"PCDH15"	"c.5601_5603delAAC"	"p.(T1869del)"	"wild type"	"wild type"	"CDH23"	"c.3625A>G"	"p.(T1209A)"	"wild type"	"wild type"	"Usher syndrome"	"CO"	"indirectly interacting, similar function, co-expression"	
"dd124"	"MYO7A"	"c.2311G>T"	"p.(A771S)"	"wild type"	"wild type"	"PCDH15"	"c.158-1G>A"	"N/A"	"wild type"	"wild type"	"Usher syndrome"	"TD"	"directly interacting, indirectly interacting, co-expression"	
"dd153"	"MYO7A"	"c.6070C>T"	"p.(R2024*)"	"c.1556G>A"	"p.(G519D)"	"CDH23"	"c.3178C>T"	"p.(R1060W)"	"wild type"	"wild type"	"Usher syndrome"	"TD"	"directly interacting, indirectly interacting, co-expression"	
"dd154"	"USH1C"	"c.238dupC"	"p.(R80fs*69)"	"c.238dupC"	"p.(R80fs*69)"	"CDH23"	"c.9127C>T"	"p.(R3043W)"	"wild type"	"wild type"	"Usher syndrome"	"TD"	"directly interacting, indirectly interacting, co-expression"	
"dd155"	"MYO7A"	"c.2283-1G>T"	"N/A"	"c.2283-1G>T"	"N/A"	"GPR98"	"c.14119G>T"	"p.(D4707Y)"	"wild type"	"wild type"	"Usher syndrome"	"TD"	"directly interacting"	
"dd156"	"DFNB31"	"c.33C>G"	"p.(S11R)"	"wild type"	"wild type"	"GPR98"	"c.1563dupT"	"p.(P522Sfs*8)"	"c.17668_17669delAT"	"p.(M5890Vfs*10)"	"Usher syndrome"	"TD"	"none"	
"dd157"	"MYO7A"	"c.3659C>T"	"p.(P1220L)"	"wild type"	"wild type"	"USH2A"	"c.3920C>G"	"p.(S1307*)"	"c.1606T>C"	"p.(C536R)"	"Usher syndrome"	"TD"	"directly interacting, indirectly interacting, co-expression"	
"dd161"	"PDZD7"	"c.166dupC"	"p.(R56Pfs*24)"	"wild type"	"wild type"	"USH2A"	"c.4338_4339delCT"	"p.(C1447Qfs*29)"	"c.4338_4339delCT"	"p.(C1447Qfs*29)"	"Usher syndrome"	"CO"	"none"	
"dd162"	"PDZD7"	"c.1750-2A>G"	"N/A"	"wild type"	"wild type"	"USH2A"	"c.4515_4518del"	"p.(R1505Sfs*7)"	"c.13316C>T"	"p.(T4439I)"	"Usher syndrome"	"TD"	"none"	
"dd163"	"PDZD7"	"c.2194_2203del"	"p.(C732Lfs*18)"	"wild type"	"wild type"	"GPR98"	"c.17137delG"	"p.(A5713Lfs*3)"	"wild type"	"wild type"	"Usher syndrome"	"TD"	"none"	
"dd037"	"FZD4"	"c.1250G>A"	"p.(R417Q)"	"wild type"	"wild type"	"LRP5"	"c.1330C>T"	"p.(R444C)"	"wild type"	"wild type"	"Familial exudative vitreoretinopathy"	"CO"	"directly interacting, indirectly interacting, pathway membership"	
"dd049"	"FZD4"	"c.1501_1502delCT"	"p.(L501Sfs*33)"	"wild type"	"wild type"	"F5"	"c.1601G>A"	"p.(R534Q)"	"wild type"	"wild type"	"Familial exudative vitreoretinopathy"	"CO"	"none"	
"dd239"	"MAN1B1"	"c.[1000C>T]"	"p.R334C"	"c.[1000C>T]"	"p.R334C"	"SEC23A"	"c.[1200G>C]"	"p.M400I"	"c.[1200G>C]"	"p.M400I"	"Overgrowth syndrome"	"TD"	"none"	
"dd266"	"WDR11"	"c.[1306A>G]"	"p.I436V"	"wild type"	"wild type"	"PROKR2"	"c.[253C>T]"	"p.R85C"	"wild type"	"wild type"	"Pituitary stalk interruption syndrome"	"TD"	"none"	
"dd240"	"C2orf71"	"c.[1535C>A]"	"p.S512*"	"wild type"	"wild type"	"RP1L1"	"c.[326_327insT]"	"p.K111Qfs*27"	"c.[7117C>T]"	"p.Q2373*"	"Syndromic retinitis pigmentosa"	"TD"	"none"	
"dd032"	"FGG"	"c.571G>A"	"p.(G191R)"	"wild type"	"wild type"	"FGA"	"c.103C>T"	"p.(R35C)"	"wild type"	"wild type"	"Familial dysfibrinogenemia"	"CO"	"directly interacting, indirectly interacting, pathway membership, similar function, co-expression"	
"dd027"	"MYOC"	"c.144G>T"	"p.(Q48H)"	"wild type"	"wild type"	"CYP1B1"	"c.1103G>A"	"p.(R368H)"	"wild type"	"wild type"	"Congenital glaucoma"	"TD"	"co-expression"	
"dd262"	"TEK"	"c.[309A>C]"	"p.E103D"	"wild type"	"wild type"	"CYP1B1"	"c.[343G>C]"	"p.A115P"	"wild type"	"wild type"	"Congenital glaucoma"	"TD"	"co-expression"	
"dd263"	"TEK"	"c.[443T>C]"	"p.I148T"	"wild type"	"wild type"	"CYP1B1"	"c.1103G>A"	"p.(R368H)"	"wild type"	"wild type"	"Congenital glaucoma"	"TD"	"co-expression"	
"dd264"	"TEK"	"c.[641A>C]"	"p.Q214P"	"wild type"	"wild type"	"CYP1B1"	"c.[685G>A]"	"p.E229K"	"wild type"	"wild type"	"Congenital glaucoma"	"TD"	"co-expression"	
"dd265"	"TEK"	"c.[2228G>C]"	"p.G743A"	"wild type"	"wild type"	"CYP1B1"	"c.[685G>A]"	"p.E229K"	"wild type"	"wild type"	"Congenital glaucoma"	"TD"	"co-expression"	
"dd026"	"MYOC"	"c.1196G>T"	"p.(G399V)"	"wild type"	"wild type"	"CYP1B1"	"c.1103G>A"	"p.(R368H)"	"wild type"	"wild type"	"Juvenile glaucoma"	"CO"	"co-expression"	
